archivo,tipo,origen,lineas,bytes,sha256
.github/workflows/apk.yml,yml,escrito,350,17220,907391f31e36f8bac127b778cec246a410456aba026a6d16cfb2938bb5d0c940
LICENCIA.md,md,escrito,84,3532,ae92f5b8817f843ce7b3b9686dcea0058ff5f5d161e1a6e391152446ee50263e
LICENSE,sin extensión,escrito,22,1048,c6104f0d2cd697c792da0ebe40c8cffe8add5e76904da46a409dd92f96f46554
PROPIEDAD.md,md,escrito,129,6766,0e6d64deb1dc1774af5a6ebf1da1c27ee240e42095dca651220e9595b0ea70ef
README.md,md,escrito,132,6287,10ab3b89288f85a50fc27b74351d70b8e8bb6447b9e5602f74df3f835129d7d1
app/.env.example,example,escrito,6,301,ba633964221ba9ee8d3cf08eb052efec23cfb74fdb16e35bd659dccb5746a14c
app/.gitignore,sin extensión,escrito,12,448,68c85a094f411a8bd9c6c7f7b3d72e8de2764bcf5216a27320aaaa0f8167b2f7
app/App.tsx,tsx,escrito,314,13888,eb65c5c9b1e7f5e9703068789bc4c389615504b12b698e65b22590a27df11fac
app/app.json,json,escrito,66,1580,5bbbd81be0fe6a50e513afa5302985a0c7e01d55b6c6ae16fb6710e8ed1d444c
app/assets/arranque.png,binario,escrito,0,7699,7a22eb0d9a8c2167091a343690680ca115893de74c24e4b6c7378c5a667ca735
app/assets/favicon.png,binario,escrito,0,2084,6fd5b242506b77c67ca2eeeba116b6acfd97abc588ab3fa5e1d958c27e9e02b0
app/assets/icono-adaptativo.png,binario,escrito,0,6716,26f885d1771f1ceb6ac888d194cc3ef244c9e291f88073dcdafdca04be38036d
app/assets/icono-monocromo.png,binario,escrito,0,6113,bd7bf50dc677eeabba2828ec6435317fbf7ee86373b8698654bb99297e536833
app/assets/icono.png,binario,escrito,0,8938,047ae91853878628dc9762a7d0648c6d9704cfc73f2bd011576694b013401c89
app/babel.config.js,js,escrito,5,101,52db31902de488f2d5d368c3f449a449364d0d6d70450165c37fe7a1745838d8
app/eas.json,json,escrito,27,430,526205e369a56291ed23761985ea4c198c5ec7e3a3125d9c73b69b61e188496c
app/index.ts,ts,escrito,5,100,a5ee9fdfb4ecbbf7e862f1c23a4d73ddd8e55f3037f80e406bc3a2be6d7d928c
app/modules/voz/android/build.gradle,gradle,escrito,27,612,70718b5ef5dcd054269a8e3ef734e00cd5a41a5bce43251e6dc5966387739157
app/modules/voz/android/src/main/AndroidManifest.xml,xml,escrito,15,492,57c4033522a210da02f8477cef85957ae63280d14846a9ddcade0062eb68555e
app/modules/voz/android/src/main/java/cl/studia/voz/VozModule.kt,kt,escrito,261,9594,028cbbbe26c342b8ee993f2d31f5a873a136f0a112cc3203bd5c1a59ed106e98
app/modules/voz/expo-module.config.json,json,escrito,7,94,496087c644da5838005f41f69f60ec22c29c239b817409f748833ddfa48bc822
app/modules/voz/index.ts,ts,escrito,95,2995,218925b3f85e84bfcfb55743e8e576bf6d6ff15a0a5a8fb87b9d1f42d32023d9
app/package.json,json,escrito,68,2183,f2aa2a1e088bd83d33bcbced66651338de1d51dd720099cb8c7d03d2d79a28c0
app/pruebas/dobles.tsx,tsx,escrito,184,7020,205825c3fee1e0d734ac52247935ce7e962563e705707975cf7032f8b6b1ed59
app/pruebas/preparar.ts,ts,escrito,46,1866,c8d062d3b6a519341cb7bdb1c99593a0f6bdcd6b90c6bc41c4cc8a7ac1d65fc9
app/src/dominio/acceso-proveedores.prueba.ts,ts,escrito,72,2933,9b601413bc94dba9c0a0619cd2541a57a556aed9ff1478eb47a12d39190c24f4
app/src/dominio/acceso-proveedores.ts,ts,escrito,72,2949,553c98e0cce8e3028a434b4426507d8a0d02135ea0db5d4bb034f141e689f595
app/src/dominio/acceso.prueba.ts,ts,escrito,139,5848,67aef2f2d201a66eb70ae0dfa471cc1bd93c56f24eb7fd5c9d7975037ee72554
app/src/dominio/acceso.ts,ts,escrito,105,4462,9f4bf0aa93d019bea1d513f03b19c31efde7007b9f7cd7cf2707e1f949067041
app/src/dominio/adjuntos.prueba.ts,ts,escrito,111,4284,bc595c90e35ce38d349141f2e7d8e1e1f0e6a8e9082bd411dfb79ea5a87e3519
app/src/dominio/adjuntos.ts,ts,escrito,115,4315,e9c2b6a9b1ec142707148c38efc14a8ccf4b432dc4a039b843cd99311172b40b
app/src/dominio/almacen.prueba.ts,ts,escrito,57,2445,2a4503d27d0107b0ceee1113bc65a0ce1f9e0e3dcaf049d7d4db0f5009007ff2
app/src/dominio/almacen.ts,ts,escrito,72,3018,0c295c8b842be33731e47774ad5f0d81fe08fe51db63f95a4e5d4e261b599eaf
app/src/dominio/asistente-demo.prueba.ts,ts,escrito,193,7520,d1efcbb728f91ed97ef985f0e134322fab509007bef786ceaf1c8179db35d33c
app/src/dominio/asistente-demo.ts,ts,escrito,324,11908,fcb4801e541c6bb4f287dc737992e84101412ef7fee88f1646269f2ff090ecff
app/src/dominio/avisos.prueba.ts,ts,escrito,13,546,bbd8623b3906bf48ef70fcf89fb2773c9c2763745412acddd50b31e3ef7ccb5d
app/src/dominio/avisos.ts,ts,escrito,19,756,e654c78b937a4395f260c6d14e1550de41c1d337dc3f9407a3dde9bcbe163919
app/src/dominio/biblioteca.prueba.ts,ts,escrito,89,3209,ab8d98a3152c8e0831aeeda0d299c69a3f93201c70b3d4474ecaad62008d3a19
app/src/dominio/biblioteca.ts,ts,escrito,94,3213,74c4266109fc5275e189f4f5fe66dc254b86c6208f81edaccee1bc7682d68635
app/src/dominio/borrador.prueba.ts,ts,escrito,53,2400,70093870a8c93152fcf04d22ec8ff7cac7751ce175d2d308e66d6006605e1199
app/src/dominio/borrador.ts,ts,escrito,73,3071,b4101f202523a4c95417346586c43dcf83f499737105fe1c2dfd075a3df573a9
app/src/dominio/clave.prueba.ts,ts,escrito,42,1759,a354b881f489254f9fc933bc3f3d25647941083914df148e9bf501ca6beae843
app/src/dominio/clave.ts,ts,escrito,46,1944,78b344bea96448a07faa3b91375abd2ee5cb7beb98da3414873e5b488538998b
app/src/dominio/copiable.prueba.ts,ts,escrito,44,1820,3aa6d2358e1790e7da7f4607e0c9cc45352fd3423986ee026f310db196571dd8
app/src/dominio/copiable.ts,ts,escrito,53,2269,d6c8abbcdf9eba0f091ca29f71bf77aeb31f5f82f54b4de204dde848d7b44aa4
app/src/dominio/curso.prueba.ts,ts,escrito,153,6111,174294c58c9e0e0d5c6a99a9c2f4897db31661a57d135ea2223608c46f25c684
app/src/dominio/curso.ts,ts,escrito,157,5742,dcdcf3c0ff88c1f8235053646f226036435863e54a6fed51e9eb197bcca79a1e
app/src/dominio/disposicion.prueba.ts,ts,escrito,97,3860,a3bb8e7ebbcf51119fad90e1e5316ade5580ca8c53ba5d80c3294285e36b2b1e
app/src/dominio/disposicion.ts,ts,escrito,63,2228,e999a5a17a5931e9e99203497f7f8f555f3f07dd25452e1edcc5b30c740da6a6
app/src/dominio/errores.prueba.ts,ts,escrito,78,3511,7d4e4f490575271e511c861a453593704106b66d26b144b39d5d9fbfe7951502
app/src/dominio/errores.ts,ts,escrito,114,4283,4b482cbe6c07840b6e72c9f48aeda3d74bfb2320996dc320ad3913e131ce904e
app/src/dominio/escucha.prueba.ts,ts,escrito,194,7136,72b75cffd6ffb06f160d3c7eb545e460279457eeeae1c10f3e1c3159bfbbb7f4
app/src/dominio/escucha.ts,ts,escrito,281,11516,dc6f3c4aca91f3abcddf7b0609c847638ff305354411b2c75908f7f8e9767b65
app/src/dominio/fallas.prueba.ts,ts,escrito,116,4985,f0b90b6c356d1bc5b4f4e91db3025ef5e3581db5be934a22ba4c437a9a458909
app/src/dominio/fallas.ts,ts,escrito,125,5327,2707506313262113b07591d3ab25fba973b6ee53438cc79ffda6970434c912e6
app/src/dominio/fichas.prueba.ts,ts,escrito,104,4230,c5382d11085d670a6025e7e5d1355e5bfc9a6f790d6ca74e514c07308b60f3e5
app/src/dominio/fichas.ts,ts,escrito,99,3641,bb2883cfc16861596af2ccf70946d399f255ceb78dd36c83183d23c9ca9369ea
app/src/dominio/habitos.prueba.ts,ts,escrito,158,6811,2fe80738ed16e1d2a3f8ba06220ac58dfba7dd089bd0d4008b757d4cb0815d54
app/src/dominio/habitos.ts,ts,escrito,145,4807,419019217d5c958b3e4538750d4f7951544e6cf655b2dbd74ceeef2998fcde08
app/src/dominio/horario-escrito.prueba.ts,ts,escrito,258,9678,b7025213e662d8aa4f349a7f7f1d727ddd7adff9bfdf4c7593899b29d442579f
app/src/dominio/horario-escrito.ts,ts,escrito,215,8546,762867d67ff5498dc2e6f6099d7d68165658b92c1f17fdf2389bd89fb7495d56
app/src/dominio/horario.prueba.ts,ts,escrito,113,4369,1891ece294be4afbdeceb9653b62260d498fd607198bce75434f36854574c915
app/src/dominio/horario.ts,ts,escrito,105,3780,65ab9e7b1bdadcb7100f38369ac46c3098c4ba58de45c89a0ae4d0c67750d721
app/src/dominio/instituciones.prueba.ts,ts,escrito,109,4413,94b6c044272d576bf295c6eff6fdd24dd778a87662d514db34b52a5a823af569
app/src/dominio/instituciones.ts,ts,escrito,115,4555,4bdd6cc7092014dc40859291060fc5000e732f2eb04c8be6d8ecb2ac3f936dd0
app/src/dominio/lectura.prueba.ts,ts,escrito,369,14849,6f9a715f56286a9d6c23d9a73fed32d1f0e2356349a8ee3f444301776901e14b
app/src/dominio/lectura.ts,ts,escrito,374,14399,48cfc570a837bb769f8c10c2c2b98d940860365d32e96c92286f14fe188e04cf
app/src/dominio/legales.prueba.ts,ts,escrito,88,3937,8f488803114c0f81545dc11e61427832080cc9287c0d9cc17ca983999cd39588
app/src/dominio/legales.ts,ts,escrito,350,19399,bc382db1e74197a115bc0eab57c5f5eb38952da8e4ad9a9b5ceac86544e81c07
app/src/dominio/microfono.prueba.ts,ts,escrito,47,1985,4e0877855f6c6e5e6541a9f0fd48e7beaba23c4be3a34833b79df4fd6f032e2c
app/src/dominio/microfono.ts,ts,escrito,44,1684,99408155de3e82bdb2baeaf0675c438878ee9a7c16bd4e65922cbe53b583d9b1
app/src/dominio/notas.prueba.ts,ts,escrito,153,4872,2852c7a8bf7d871203216cfb4d83e485d40bfc0bf2f85914693e7429ad6dd94a
app/src/dominio/notas.ts,ts,escrito,106,3116,da996fd606b601103035a9eb0ab3b29f2b5ec2c5dbb4a67f2163fad33f3c9b27
app/src/dominio/personas.prueba.ts,ts,escrito,82,3241,65b455984e9a80d5c2861cead6e918f147a45f237d88b75b6135ad16b5f4062b
app/src/dominio/personas.ts,ts,escrito,66,2505,5c1e692cd8acb87863cc16f5b641954391c96033d8596d0b0f741fb93f6da3a5
app/src/dominio/planes.prueba.ts,ts,escrito,57,2543,ed64cbaa93a372674750bed12a78d524a71347ec30394bcd98ec5ad8c1b6c264
app/src/dominio/planes.ts,ts,escrito,87,3470,4ee785abc88bb398f0159b4b27de9637cb1fb0352ae26962f0b2ef24c165e0c5
app/src/dominio/planificacion.prueba.ts,ts,escrito,142,5568,f3e8734c64a34c36913befad49af58e74083531346ba2122746d782655cb8cda
app/src/dominio/planificacion.ts,ts,escrito,162,6218,2493d1d5a22682af7ea2ac42347e39df73a15e8d6b30f46e32cb4e8a61c64e70
app/src/dominio/planilla.prueba.ts,ts,escrito,338,13234,33c821138233082181bb1721ce60689ecd9c8a5994ad5210e216ff46e10129d9
app/src/dominio/planilla.ts,ts,escrito,417,17547,bbc442d8f2876fba0a672de7309b31c1f6b363e7755a34630289efaa41a25a73
app/src/dominio/precios.prueba.ts,ts,escrito,96,4014,60b44252f0e95d359620d6ed6dcfd2a78bf82f68591e3ee5a2d9daa54fc03a38
app/src/dominio/precios.ts,ts,escrito,162,6686,5955bb6d5744aa06b0609194d0279e4efe4ce585ba209848fe6ed6c74ee744d0
app/src/dominio/quiz.prueba.ts,ts,escrito,124,5152,e410e04abe6283ff94e6d3c1b91b49b677bcecc5e825609f0b0ab8483dd7c758
app/src/dominio/quiz.ts,ts,escrito,128,4770,d132753e3870d105909c97aafdba355349b1485832f8bb1c6c0f173150f3c3a0
app/src/dominio/ramo-propio.prueba.ts,ts,escrito,34,1324,58dfd8afe35cba8e37b20e1f079c75b56fa516c3f9b06f91d032620442e6b080
app/src/dominio/ramo-propio.ts,ts,escrito,29,1105,6d3f9e135ac7fcad79399e80ca10b67c34f2eeb384b36141bf5118db609c155e
app/src/dominio/ramos.prueba.ts,ts,escrito,82,3374,662dfb1c6375fc54f8148a02476e2c80cddea522ffe20563b5c365c39e564c03
app/src/dominio/ramos.ts,ts,escrito,71,2808,c704bd52da18066eee473547744341a3cf52234596095ba3b706422915277cd0
app/src/dominio/recuperacion.prueba.ts,ts,escrito,45,2171,bb0943368add876bbe2ce3b874c3ecba016c54b57fa9a6f1763ad5c26e041302
app/src/dominio/recuperacion.ts,ts,escrito,70,2935,6e5d7e776dd2a729ac6ad402f01972e60771f3c3ef0dc5459501f48d90143227
app/src/dominio/registro-demo.prueba.ts,ts,escrito,54,2379,ee373c7093541520696f45b94c224ffd1743692ff5bb56f2969e1091cd918ea0
app/src/dominio/registro-demo.ts,ts,escrito,61,2229,3b606402977a9daa2597768c526983e020503f45dd276783b52c987035467be6
app/src/dominio/registro.prueba.ts,ts,escrito,144,5474,c8f437cc2449142c26dba2f83bd68003e1cd7a4080a7fe854e2329a846c41022
app/src/dominio/registro.ts,ts,escrito,140,5509,de9490c0c760e6b854d157be7b004f385083f5a857a278d317cf2d454b92d128
app/src/dominio/reportes.prueba.ts,ts,escrito,72,2888,ada46eb788cecc6e5ea493976dafaca682babf4c9694d5baf166c7e39619b2bc
app/src/dominio/reportes.ts,ts,escrito,104,3268,12e5cb20a168654a9ba41fcb395d35ebba5b486adcab6dcb9ef70f98a3cebd28
app/src/dominio/semana.prueba.ts,ts,escrito,246,10913,977b13f8af4c14334c707b68e805307d165cdcf17941402ff20e6d7e5914a492
app/src/dominio/semana.ts,ts,escrito,357,12258,692baaa0be94893eece6c39f8ac28a647bea180fe6868931dae24c7c86190527
app/src/dominio/sugerencias.prueba.ts,ts,escrito,141,5399,b932324ab42c8e3ecb0f2ac70e41a6981da1dd5c030396d3557c2fdbd4342a66
app/src/dominio/sugerencias.ts,ts,escrito,102,4001,50694753264343b9c6fb8fd4ce943c893c60593e1118b38042b63358670bf218
app/src/dominio/tablero.prueba.ts,ts,escrito,97,3649,d4b9e9195bb6e36208ebcd6107e2dac4248e3bd39f03a7e4bbbf3e8b96283c8c
app/src/dominio/tablero.ts,ts,escrito,60,2027,10049a77951e4cc605480010f83249401d2e669cd8156daf4ba8c36b77ae1538
app/src/dominio/tareas.prueba.ts,ts,escrito,69,2925,bc2e4a700e0b2f8cbe6bb19232e6a68a978d0026da5fa9d47ff8a2b497b5f66c
app/src/dominio/tareas.ts,ts,escrito,53,1910,b25980f19f5e7f5718e43d2b63a9f5a709740920507ab35529e2862119bbf9ba
app/src/dominio/terceros.ts,ts,generado,224,17989,2d50ba705b54d6a8147ae82d7c0c2f13b6965569988c9297b92d91f48cbaac95
app/src/dominio/tienda.prueba.ts,ts,escrito,57,2121,3dcb9ff7409eeba9a94fdb1e6f3a4852a5c3dc9e665813b34fa2ed1fe6e02e23
app/src/dominio/tienda.ts,ts,escrito,72,2734,1b174b825776ea30866ca0c5e614e2cd0202dd006a3d2147bd36ecb5f39f7d69
app/src/dominio/trazos.prueba.ts,ts,escrito,178,6502,982dfe2683ddadc8bbf155778b734e34366aaf1bd12877a58aff143e375ce4ad
app/src/dominio/trazos.ts,ts,escrito,236,9512,ef13da194ddabece97354c4feb0f54aa99b49afc8eafe11c89ff20f24b66241c
app/src/dominio/tutor-demo.prueba.ts,ts,escrito,62,2275,0ba248b72fa8e8c7b90d72f47b8cd2643298a3c72424255ee3abe72fa650719e
app/src/dominio/tutor-demo.ts,ts,escrito,60,2875,b07849c5ec4310c9972d0f6f65f246ea88160349e5f268bf40ea0ede511f509c
app/src/dominio/version.prueba.ts,ts,escrito,32,1335,8523ffe59b7bf710e7de4b2d70f834e5697c326930b30c1b6cdc75810c954d04
app/src/dominio/version.ts,ts,escrito,26,1179,53d55463afacd01daddf9e111f096ec0509f5fad49dc9d17cce71e27712a4365
app/src/lib/archivos.ts,ts,escrito,143,5762,dd2b5b5ec81a1e505a47eae9fde2b4800e2f530df142dfc15fa7af5ea582605e
app/src/lib/asistente.prueba.tsx,tsx,escrito,118,4474,9a6877829ad9208739eb8cca5c7e323a9b35df47db8dc9fd52e702608ba55abe
app/src/lib/asistente.ts,ts,escrito,67,2768,ea1b5c452d7c7cf49e7ba23c225733ca8000c18dd320bcfad8e3c73ed7bd8701
app/src/lib/audio.ts,ts,escrito,55,2162,f140873af946b543e924ff7cd5bd7f7f743107f02b5bf6e761221459011aaf96
app/src/lib/avisos.ts,ts,escrito,137,4876,517158249b9fcca755c509856049316470b18cdfa084c7de9400deab1bd2d7ce
app/src/lib/borradores.ts,ts,escrito,41,1567,f65034ca2e50cc4a54cbe203a18c20ea0daa8d7e8f0b792c01e8741097236260
app/src/lib/config.ts,ts,escrito,20,636,70e7c0d53924ecc223ba4c78912aa258b98f1b0f1e799e5fa2c9583e31876218
app/src/lib/consultas-supabase.ts,ts,escrito,1228,47183,d2fd1b4c5560f75be8716cf012f1e8526e45cad41f315d25a300c09adf42241b
app/src/lib/consultas.ts,ts,escrito,108,4901,9fda27a47e0eb9b874e06383c38b9754a526b6c4653543a6e372d99f4908f305
app/src/lib/copia.prueba.tsx,tsx,escrito,94,3435,416a0700d6b03ddfa418e26157ef5a826c2f95d4261d8cb56970747ba3290f4e
app/src/lib/copia.ts,ts,escrito,100,3734,f13767b55fadf4a02487c95e5f73274dab9cfe11658062fb5a211d5c83448e56
app/src/lib/cuenta.ts,ts,escrito,54,1910,57c196b696ca10deecd21d39ec1af1342c23b1ead610ed8c04ed91d1f528f396
app/src/lib/datos-demo.prueba.ts,ts,escrito,128,5243,a537ba6e0d249c2b72c6a1533554e288ed7f9e6acc353264560301691c2fccc4
app/src/lib/datos-demo.ts,ts,escrito,1033,45600,0cfd3d21560b6bc82a11568d90944032d4dc7995baf75846b0f7af43039d5543
app/src/lib/datos-docente.ts,ts,escrito,170,6374,e465099bda440bb208e6e4f5dcca55a594f9e95ced3912f2ffad8cad2daeeb0d
app/src/lib/datos-propios.prueba.ts,ts,escrito,149,5940,d7929b374a0c17514beb90903e6a9db62506b07bb3d86d3795fd8d073021cc41
app/src/lib/datos-propios.ts,ts,escrito,195,6448,4f338766d2eae79f10e0607e23504e02f5a3a1b8eaa8d344c1f1eda2a3376e16
app/src/lib/errores.ts,ts,escrito,100,3525,6db4b805588ec9fe9313acd9ad6bfbabfe6f97b156d192fa2e6a160efc83719a
app/src/lib/fichas-demo.ts,ts,escrito,80,5153,e816f34711a91b4dafffbd866d3a61774b2f4a16380e66f44b216f3d580f49b1
app/src/lib/pantalla.ts,ts,escrito,36,1150,2f2466a806d666fab6ef887262f1889803580771b08324fa79965ad8c201fffb
app/src/lib/perfiles-demo.ts,ts,escrito,223,7021,bad8b844c6cb9cf04f943962bf0b2c172a47bcde08f331ca714dd8ef872ad429
app/src/lib/preferencias.ts,ts,escrito,85,2853,1dfe53ba73306791b2134f0605290a3d2de03e6cbabd12ecaf3caea500549d46
app/src/lib/proveedores.ts,ts,escrito,75,3418,4958e8ec308b6721ae8197182fcab299036ce910699622c0a9225f5c4c45f4c0
app/src/lib/quien-soy.ts,ts,escrito,88,3148,65b3e8c4b50b8a8939f88d4df68ad90d506df2660b18521116d88031479ad1c8
app/src/lib/quiz-demo.ts,ts,escrito,195,8216,1246bc239e9b27a35642b648e86f80692aa5b2de502ed0da2da0c9f5e46f82b0
app/src/lib/quiz.ts,ts,escrito,85,2903,692e47fdcf6630d103bcc9909fc5c1933807fdebcf4868eea830321d316ade6c
app/src/lib/recuperacion.ts,ts,escrito,27,967,f1657f9d99beae7d4c20489fbfc0364b5a64644952a52f93e961419b6c92894f
app/src/lib/reportes.ts,ts,escrito,33,1182,53cb6649d13a15482a4057b938f4b23204d6b03116016d289da40a01de6cc418
app/src/lib/resumen.ts,ts,escrito,48,1716,2603499f9a03bf508d882c3515a03a475623a6212b47c38e581db5a4e65ca646
app/src/lib/rutas.ts,ts,escrito,97,3600,307d9adc65aa15d349342dc07d67275b792bc3f026668b37775dda3d7ff752ee
app/src/lib/supabase.ts,ts,escrito,24,895,dd7f119a2e91ffc94030e914c189bb04f38d9c6dfc16f9d2035ff30300d52d2f
app/src/lib/textos-demo.ts,ts,escrito,84,10472,daaff5e1f2bc692cc2d4180fd825c31b23dd30400827cc85f29531a7ce7dd1fa
app/src/lib/tipos.ts,ts,escrito,269,6559,533e2373de2f56b62195f0951efbc9bc8badef9ff14fdf9bfd5675356a9889ed
app/src/lib/tutor.ts,ts,escrito,51,1850,f18a186f594498500f8af90b0c2f82c82dd4217493b4af7dd19732e2144cb061
app/src/lib/usarCarga.ts,ts,escrito,99,3630,14e320f9b3c7400eeb3a8e00e59bc133971d57afeb4050a6387c0a94dd0af06b
app/src/lib/usarLector.ts,ts,escrito,172,5798,9add4b78bf60fddaa14b4e20c1ee620293aac369bd373c153975091e26aa28ef
app/src/lib/version.ts,ts,escrito,32,1386,09ad877c9bc4ecab60d6eb205dfd2a59e8550471c39609bb4dd3f431e227f609
app/src/lib/voz.ts,ts,escrito,75,2444,3875bd245b987a52be00a79c0c51419408b9b2f05fae30996e3c46419cafc0f9
app/src/pantallas/Apunte.mano.prueba.tsx,tsx,escrito,223,9763,dbadc06c7c973a0c4e537fd60dcfb1441b38467a64549e6e8025eba30d93c189
app/src/pantallas/Apunte.prueba.tsx,tsx,escrito,208,8923,56661ae362deb5535ffcfaed21dd823fb8e2b27f72262b09b3ae73ef0f64b877
app/src/pantallas/Apunte.sinsenal.prueba.tsx,tsx,escrito,118,5382,c37967b817e79cbb961ae1333b89c2e77dbf1e5a4f04c5ad48deed76bbb644c2
app/src/pantallas/Apunte.tsx,tsx,escrito,580,22992,b15844ed8abbc3f96c0e01e47b98f84ff4dfed7f33ec5f994e748b3cb070406d
app/src/pantallas/Asignatura.prueba.tsx,tsx,escrito,387,16973,a7450e8b6d391431fe48a169e55c466a69d440aab2dfc369a041a5d10150a394
app/src/pantallas/Asignatura.tsx,tsx,escrito,841,37094,c45a6f1fe6023903026f47f0de5baba1bf83ea40d29e3ee3f936e9f64d79119c
app/src/pantallas/ClaseEnVivo.prueba.tsx,tsx,escrito,115,4640,f8c2356c7ab2623650ca9eb78f2ed5c53e8938b9a50ae94da3894f259e1d020c
app/src/pantallas/ClaseEnVivo.tsx,tsx,escrito,234,9158,3df3b72d6e236f9a135eda4f77154c2e74c18158d6a3ffe57eb08420b420931e
app/src/pantallas/ClaveNueva.tsx,tsx,escrito,111,4395,64fb1b08a1a591a856a73523a38b7952e1055b0a78f1814440476a8b826ffe49
app/src/pantallas/Consejos.tsx,tsx,escrito,99,3606,82f7db1ba3a59f4cadf74a3fbca463f8bc6ae936760b649f6801e9d284e5bb98
app/src/pantallas/Entrada.tsx,tsx,escrito,34,1219,30f155497c8845d3a3120c973afc7c03840057982d9bdb9c84a7f1c90d6e0185
app/src/pantallas/Escucha.prueba.tsx,tsx,escrito,174,7224,dd70827428308f9a8fe66924edc087e760c1fbeecfd78d7acc36a0bee4c2e9fb
app/src/pantallas/Escucha.tsx,tsx,escrito,364,14181,b45f09d5af9c712dfdb2973c37e69af47221961be4414e12801c42a013d1e024
app/src/pantallas/Fichas.prueba.tsx,tsx,escrito,128,4964,2aa42e22bbe61c6fe58e8ca235609e8917cea3bd06ae1a53fb69db36b0571c3d
app/src/pantallas/Fichas.tsx,tsx,escrito,248,9740,0b95d0a0f5f6c765d0e0580c55c04082d343a28e8983c2edd739aa35377174dc
app/src/pantallas/Grabacion.tsx,tsx,escrito,150,6571,836693fbd0c3dc2c0a217825a7be0cfcb5e83be28f881ccd8cdf21e3bb3f18b1
app/src/pantallas/Hilo.tsx,tsx,escrito,130,5469,267e988cad3d13da583b6873fbd2cd8976f3a5d6c63d23704dae2d3ab78dcadf
app/src/pantallas/Horario.prueba.tsx,tsx,escrito,241,9102,cb97ec5c3bca66cf7b050e1d16859e871887347ddc650d86e24f688183312084
app/src/pantallas/Horario.tsx,tsx,escrito,531,20281,449c63fae0430d7c7506615f4b2f682adadd19e4fd33c5df8786716ada54c0fa
app/src/pantallas/Inicio.prueba.tsx,tsx,escrito,338,14351,f7c27ca5d476cbb0e4141c80939f482fd0701718d8347fbd4da143dd678461c8
app/src/pantallas/Inicio.tsx,tsx,escrito,525,21237,f187cd695f7a084fc2036273a89091138419447efd62eed1dae1d5b9dd95b020
app/src/pantallas/Lectura.prueba.tsx,tsx,escrito,276,10125,26b936edd919ecea7819c3bfb1c1214800752fb2102c6968b15e2f98229dfdc4
app/src/pantallas/Lectura.tsx,tsx,escrito,556,21652,a14601c446014d345716d9c5d0470dc99aff92d9b222990bc3084193dc8329e7
app/src/pantallas/Legal.prueba.tsx,tsx,escrito,51,2178,7baf95db166bfd11b1817a3f315923654fdb10a2bb0179adb7b74a685e6a2923
app/src/pantallas/Legal.tsx,tsx,escrito,150,5619,6f73e816c2beec3f9f409d4c30908ac725166479aa059e747669982a60e556a6
app/src/pantallas/MisApuntes.prueba.tsx,tsx,escrito,140,6185,c1ef486fc9500a910979ba91a1d71894d4aef329be31e0562f80f79d26cde1f4
app/src/pantallas/MisApuntes.tsx,tsx,escrito,296,12694,23cc65fa368d7d2214b20476ad25ade4f6954e5f414127dd63b149c18ec2c558
app/src/pantallas/Notas.tsx,tsx,escrito,105,4314,5ad57d350bf70af2012b18fe48f7fa1324ee8e40cc58da6653bf1998d305f6de
app/src/pantallas/Notificaciones.tsx,tsx,escrito,66,2765,1059736d6c507cfc79c3409bdc7292183a4e83dc2578fe3eba64919a49da37fa
app/src/pantallas/NuevoHilo.tsx,tsx,escrito,62,2518,e14ff01a585550c7c50b7fc6ae64c45fdb065033f22ca0b1f6f4603a5e164df6
app/src/pantallas/Perfil.prueba.tsx,tsx,escrito,172,7002,237f7da077cb3d7888162c2404b248100e02020b7383e5b74d38d445c0725f3d
app/src/pantallas/Perfil.tsx,tsx,escrito,248,10868,a276bac25a47e2bfd2ee7533430c2e1676b6f7534e990a3b495c0baf988c0277
app/src/pantallas/Perfiles.prueba.tsx,tsx,escrito,70,2597,581f26d335d486336ff8c5a313ed7e3d839d4a5bc9e663e20fbf8734790ac9c1
app/src/pantallas/Perfiles.tsx,tsx,escrito,211,8557,396001ea5cf062f0206bada96d5ee2e29cd9a4a4097ee2278707046b2b20ccfc
app/src/pantallas/Portada.prueba.tsx,tsx,escrito,282,12025,462a895004ff0691634e979b510efc949dcd11063d072231ec474a373d383adc
app/src/pantallas/Portada.tsx,tsx,escrito,1284,51412,c8b3fd8640934a82e56630feaec36ff7cbc65bf480a8b39e9785d5a735ef7bd6
app/src/pantallas/Quiz.prueba.tsx,tsx,escrito,170,6314,3918dd101bc293eec10473f5a8a5131148c65993398a5d1959dc2879d4105173
app/src/pantallas/Quiz.tsx,tsx,escrito,350,13118,abfb94aed74852a1458553360ceb0f0e600f367151d076c987ac98645dd7246f
app/src/pantallas/Sesion.prueba.tsx,tsx,escrito,195,9207,396c73f1e51c8c3480f01f1017ded65857596e5334752de30f33953976541b46
app/src/pantallas/Sesion.tsx,tsx,escrito,253,10855,74e5a610d4ffffb69a41b9740e4e23acfa6695a52f5148c8fcfa376ea66ce2f0
app/src/pantallas/Tarea.prueba.tsx,tsx,escrito,148,6261,bdae7fd3a06fdb5a0367dde2be5074a54c63b0f376ab6a2f28cb342f15d50e7b
app/src/pantallas/Tarea.tsx,tsx,escrito,227,9338,9b57e2b2890e1e28dd81e5be17185f1e3338cb215b25bb3ed1159c66299628ce
app/src/pantallas/Tareas.prueba.tsx,tsx,escrito,124,4813,91e3f628ae61cc077e626892cdc880ee13615dadf103fe934f55e1d4a2044507
app/src/pantallas/Tareas.sinsenal.prueba.tsx,tsx,escrito,126,4419,176b18d9cf4058f520e95a26202f9aa4c7ba28ae8bfdfa00664d90acddccb9d7
app/src/pantallas/Tareas.tsx,tsx,escrito,299,12457,0df94b1c594d7b59e2b880e4082adbb48c67396ec34b73993881c6c8aca42591
app/src/pantallas/Tutor.prueba.tsx,tsx,escrito,174,7119,b505370e10f2d0b69454f956ec2ca8763a6967a8cc972f7a0c04d8a15191f076
app/src/pantallas/Tutor.tsx,tsx,escrito,448,18574,16aa88f92ae0b3a76b7ab423d0c8a173d845b0dbb9ef6a70c54fce29a289963c
app/src/pantallas/admin/CargarCatalogo.prueba.tsx,tsx,escrito,235,9453,be223deecdf6c510fe563c9f78eb7bfce26865536efda78925d54b797c8a3b3c
app/src/pantallas/admin/CargarCatalogo.tsx,tsx,escrito,273,10619,4545e10dd3bfdae3db10fcd8a421f25d640030d88718960c9ae8149a07df7bc9
app/src/pantallas/admin/InicioAdmin.choques.prueba.tsx,tsx,escrito,88,3474,b15915cfed8c9aeb613579127dff1aa46754bd4761ed08f469cf64b9e925ceb2
app/src/pantallas/admin/InicioAdmin.tsx,tsx,escrito,449,18217,9092d201f6990fa5a27c9a84d3c617828616b3743ca5f975d87fdb7e6c193719
app/src/pantallas/admin/Registro.prueba.tsx,tsx,escrito,247,10200,029e9416fc132c65d279acccd0ed9cdcf8a07c0ee3492a652d72226a8d5861a7
app/src/pantallas/docente/Asistente.prueba.tsx,tsx,escrito,143,5640,8c4f8b2067221ae5ece3edcc42b5fe4ed5a08cfc89362d1d474595eafdee5199
app/src/pantallas/docente/Asistente.servidor.prueba.tsx,tsx,escrito,145,5645,30f4f24f146e4df5d5fdae7326ddf63098c887c512887a82e79a12bcb8dd3f99
app/src/pantallas/docente/Asistente.tsx,tsx,escrito,260,10915,6782b1fc56333d9fcabb56eae1656717c7d9dd71a4bfdac485a1a8a77dbdb000
app/src/pantallas/docente/InicioDocente.tsx,tsx,escrito,217,9405,c1c14a5995a101614722da90c117aa7c40c966213930b7098a30613e809d4a17
app/src/pantallas/docente/MaterialDocente.prueba.tsx,tsx,escrito,123,4649,94e151843d4d5a2dcf126698aa850778f761f56e98a02a3ef09af1ba0ffb3410
app/src/pantallas/docente/MaterialDocente.tsx,tsx,escrito,156,6533,3af28e2226fa726a6b39d9001aca9142f1e4e8dd5c9920225740f9755fcc4b7b
app/src/pantallas/docente/PerfilDocente.tsx,tsx,escrito,127,5297,5571544e798345966509a16a2234f1c3c774838debfd7bed2eafc9b4fd4aeba4
app/src/pantallas/docente/PlanMensual.tsx,tsx,escrito,196,7419,94a8a6710282af7c457f391c3424caeb2c34b12c61175fa9922f166ed6866d8c
app/src/pantallas/docente/RamoDocente.prueba.tsx,tsx,escrito,593,24423,ae68c1cff79ed06be64419ef6d2ea3ee231f29d5c1f787f9b34436dfd422baf6
app/src/pantallas/docente/RamoDocente.tsx,tsx,escrito,802,33647,ea0adac2d06abfb1a74f1646d39ec9e55036fb6586fbc24293dfcffef6c6d782
app/src/pantallas/propio/CargarHorario.tsx,tsx,escrito,163,5502,da422501a1f988af2f3529e388a9c70aa555bc170fdb058707bcf7f33d8fc955
app/src/pantallas/propio/NuevoMaterial.prueba.tsx,tsx,escrito,113,4572,94ac5dbf883138823b46e0c7437d90508b8c278e8d182d9f5597c7cd2779668d
app/src/pantallas/propio/NuevoMaterial.tsx,tsx,escrito,335,13551,eb161b40163e040569a397148155cb28a350b7c876d3d3e04ea4437768ba5425
app/src/pantallas/propio/NuevoRamo.tsx,tsx,escrito,82,2753,224f7eee96ea131a4a185ce718d7ee348dc7d895298a32a0990e0dd6036c90d2
app/src/pantallas/recien-creada.prueba.tsx,tsx,escrito,101,4148,4a6f52d019e2af9b77cc668f5c93acb9f50199574070a5fda9e219a57c2722e9
app/src/ui/Barrera.prueba.tsx,tsx,escrito,63,2582,6b2158dcfdc2c61055652de15b709a5dc619e5801d321556f91b0e7a4a419ea6
app/src/ui/Barrera.tsx,tsx,escrito,53,1734,4684144781b0ba74bd7ea8f462b744adad2d978a365d20ebd3e2ccdb91825715
app/src/ui/Icono.tsx,tsx,escrito,68,2122,5790181c8fc84bde2f68168a73c21f3f9ebb7d1b84a3170c95d9abd4285591db
app/src/ui/PanelTutor.tsx,tsx,escrito,118,4901,ebacdbc8193f552a77c705d61b79dc009723db9fccbf8ec9e70e7e16893a571b
app/src/ui/Pizarra.tsx,tsx,escrito,170,6188,c4a637b154f5c0cad5cd4f43eed07387e903a5d410fdb6c544a66362dc59866b
app/src/ui/ReportarIA.prueba.tsx,tsx,escrito,101,4055,8159072e76529d6ad1b6b6009cb89ce4df033552c88da17d192bf1ba715becc5
app/src/ui/ReportarIA.tsx,tsx,escrito,157,5917,682daa2e782d9737943708867ab2a758cc48b31df055c13263f47d309b533676
app/src/ui/componentes.prueba.tsx,tsx,escrito,47,1832,75a00fdbb3c52ed3f14149e8b5ae9f12e93cb649307f466a031944dbba4d9e8c
app/src/ui/componentes.tsx,tsx,escrito,395,13516,1ec49fbda6fc6d87d261a1b8c2acb2951b539688c2c6f324e7e80f17cf9f0f73
app/src/ui/margenes.prueba.tsx,tsx,escrito,70,2775,4b411eb127b40a46b2931752f105dfa9825196c345222ee9187dd66b507e0351
app/src/ui/navegacion.ts,ts,escrito,75,3026,05811c1bd352ab97280f1cbad78566060d5c3d1d27dca3ba5bee05d69a22983a
app/src/ui/tema.ts,ts,escrito,176,7824,1fec0026a1c1926e1c25b4bdf496e279d09cab1688c2146eef0aea2ec822be03
app/tsconfig.json,json,escrito,26,396,894ef9b8e01e5947087b16daff92f71ef1a0a465af3531c9bce92bae3fc51830
datos/LÉEME.md,md,escrito,125,4669,3c060ab9ee6831ba521b05996413b3ebf1ce269d56b2503ccfca60845aa39101
datos/asignaturas.csv,csv,escrito,5,912,ebafa9528e84920d775891fc65a228538a3fa30b2df3cded89e664fc72d7ef81
datos/dictados.csv,csv,escrito,6,175,6d6bbfad9e682c80dcf5743964985595af30c417de6d2b2c42380de1ebd42b70
datos/horario.csv,csv,escrito,10,395,ee52201cecfd7bc057ec19c8974bd54d7920b53cda8ec4a84891e660854f301a
datos/inscripciones.csv,csv,escrito,7,165,b565488d689d09e5e25f603c2d190d94e6b09e6adb5b7c71c7310a4b5dc9b48f
datos/lecturas/formulario-derivadas.txt,txt,escrito,12,1487,45072cae9791ad03f3c0463e3df375f7816070c159652c750a25503d69155299
datos/lecturas/limites-laterales.txt,txt,escrito,12,1836,2f72ec01340fce099304987d2ea3540e0567afbb0cceac5abb364ab016f395e2
datos/lecturas/roce.txt,txt,escrito,14,1995,cb25a2221828aa3cae8baf1ed2d047c49d2e4ecc6cfdd1871392e6e4a6c857e6
datos/materia.csv,csv,escrito,7,624,97cf1cee3d898d4dea94ad2ab004b59faf6b547a1ec64b409eff8467073c49e9
datos/personas.csv,csv,escrito,8,300,e09f504975ba7859e735845ccf4f3f478b7f012737edab93c9f66ba237f1bc88
documentacion/arquitectura.md,md,escrito,676,34627,9290d9e89ef408a2b531c5fe83318e8a9a171cf70d38f941cd9abb2de6a204ec
documentacion/instalar-en-tablet.md,md,escrito,138,4964,f0eae5b1ab8f84b6b87f9ed02c7eda276a224133c834ca1cffe030f5dfbe7fbd
documentacion/poner-en-marcha.md,md,escrito,423,16527,0dbfe17c83fb94db4151d26778490ec914f6829f4a4ee73568b6f0afb4aba0d4
documentacion/publicar-en-play.md,md,escrito,302,11416,cfffc5f0b2406e3b63daefaeefcccb71284cb82587341f5b9484b3fbf151c77a
documentacion/studia-spec.md,md,escrito,355,17935,7e35e66b02a463b93b3123a153a82e4486e1e8239b5152eb978615819fb48460
herramientas/accesibilidad.prueba.ts,ts,escrito,63,2567,fd5e3a7012677a88887a3ec1fe996d62f9319372dad54712f94b0b2b03ccf939
herramientas/auditar-paquete.py,py,escrito,146,6775,79a6128f9e2fbcbd02025f6371b3f98e20a469b6073c727c1d27af086650560f
herramientas/capturar-tienda.mjs,mjs,escrito,228,8898,7393e6d0793cc64e71462d121aa2f370658353c983505497ceeef5ae629c3d4c
herramientas/comprobar-servidor.mjs,mjs,escrito,214,9469,acc4f7466410172196ea9166d2849b9648614febde24ec657ae1b61e425990d4
herramientas/cruzar-consultas.mjs,mjs,escrito,394,16870,174af78a64042e6fdc0867767a9a6e2b6b328d6b10c3236eaa7dfa096489b3f6
herramientas/expediente.mjs,mjs,escrito,428,17819,24a98b772826883f449b9f85e2a64a771c3a84aebaeaceaca3054dba76e89c89
herramientas/firmar-android.mjs,mjs,escrito,100,4503,2045856874a9dbb22b01f7bcc5ed6c0fbd53493cfb6d807406e518c44a717ae3
herramientas/icono.py,py,escrito,136,5704,956f263038a0c3c6079c6901ec7fc57ccfb532530413836bb491d27ac8c4d03b
herramientas/importar.ts,ts,escrito,180,7863,7f124957aef902448fae13ff66ce2e4c3c1daef63cd9e278ea8299b78d1a9d7b
herramientas/juntar-funciones.mjs,mjs,escrito,208,8291,7ae80a3684cbb2fca5f4220c9e5259905533c3010daf78752ebad716b1a3b824
herramientas/juntar-migraciones.mjs,mjs,escrito,137,5446,eec3a6cd945d0098c485bee379fd0ca6205e1ef612221cfa9bb419258281749b
herramientas/legales.mjs,mjs,escrito,47,1859,fc296025d540908a057fd729dd588ebec26ead0c83723b4c051307945f56bb5f
herramientas/licencias.mjs,mjs,escrito,136,5339,d5f00858022807f2dd29a0fd4fdfcbece7b4de781a170a68fdfcd0ffe5320260
herramientas/paginas-legales.mjs,mjs,escrito,93,3589,557c1e85d9e090daafbb1b1142c10a0702d2302b3537d1940d26b3327eeab83a
herramientas/paginas-legales.prueba.ts,ts,escrito,41,1790,22b2c5b3bdeb006fbbb8377b70455519441ea0b535ccb3490069c7682630d7d6
herramientas/revisar-funciones-con-deno.sh,sh,escrito,64,1987,931ff2ab988e3867b3ff3b2ac220789f84c1cf5ddca2c5bc0ba4e225565553e5
herramientas/sin-datos-de-ejemplo.mjs,mjs,escrito,81,3158,2411dd94bc03b529edf7211a65702527b7a2067e8810685cb9310a47da614a5a
herramientas/web.mjs,mjs,escrito,135,6464,00a5f0188a58a3c9ceab8770ab2e03ba8178071d9fa4bfd14a28de3496bb4350
legal/privacidad.md,md,generado,107,6088,5cf8050d52d3ce73c411219a1d64072ec18880299bbbe92ddcddea078f28346e
legal/terminos.md,md,generado,95,5220,4c3c29d14511d84ff6a9bd93a5c739470ea9ab685720cc91a2cd74580e6e6e52
package.json,json,escrito,39,2502,ce3015fe6064c5c298e8a6a400bebf05ecce5ed36998b300e75b64065d018f24
prototipo/build-artifact.sh,sh,escrito,9,341,170544e2f4837cf0b37e4404ce2fe2312eaffda10aad4daff5e607b57ba48c66
prototipo/index.html,html,escrito,2090,109667,7e284f5c7a51d8476efca002beec9369a16ced0a2cb8156a4d880cd337f26766
supabase/config.toml,toml,escrito,35,930,e2fa2e1d78c9ff89270d7df2cfc245eb9fb10a76b6fe36a60319865d1293df59
supabase/funciones-de-una-vez/asistente.ts,ts,generado,467,20076,7afc10505b3229ab2e5003ebd31fc88828b4ceb92386d5fa9ebbe517db04356e
supabase/funciones-de-una-vez/avisar.ts,ts,generado,293,11845,c9bdb7112056fa2759ba8b9d1ec049bc6900ce28f75887aa60228b4234e04c69
supabase/funciones-de-una-vez/borrar-cuenta.ts,ts,generado,166,6944,f7083dde38201974c27b109bd61bb631824494e09cb7df91ebbf0941a0a89b28
supabase/funciones-de-una-vez/fichas.ts,ts,generado,459,19540,dbfe93f5d446cef8f8dc86323c9bd9848471ca772a1beddf0cded6b942452126
supabase/funciones-de-una-vez/quiz.ts,ts,generado,451,19269,c77ea7251de0ea0a35abbd4ad79578a4e2e6179904d6f164e85507e460f68569
supabase/funciones-de-una-vez/resumen.ts,ts,generado,362,13986,8ee6cea1055a1365979dde71f5fe7a87e836574559b261e30e683c4f04eb9f3a
supabase/funciones-de-una-vez/sala.ts,ts,generado,278,9878,a8e6b098d859df6ee5856fb9fefd035ce51e756980ff48355cd9f8ae137f073c
supabase/funciones-de-una-vez/tutor.ts,ts,generado,370,15144,bbf3fb071f84a09348053baa780e3a26f92c5ec98bd98918c921533b87558905
supabase/functions/_compartido/asistente-nucleo.prueba.ts,ts,escrito,149,6268,f3e54164448b6019f72dbe379340d56e329ec22a7245ae0ff4f82a0a0c6568c3
supabase/functions/_compartido/asistente-nucleo.ts,ts,escrito,135,6532,ed3c31a41c8273d01662349b1b0655ef7bea1fcfbe9e9aceb8456c34456276cb
supabase/functions/_compartido/avisos-nucleo.prueba.ts,ts,escrito,50,2029,fcc005b20b584467ca0d79097077c36a4c903812b20bab06a9f67466f0578127
supabase/functions/_compartido/avisos-nucleo.ts,ts,escrito,65,2476,79d4eb75498034d38487657ec39d51a61cb18402aa4953bc9ac12f825900d315
supabase/functions/_compartido/cors.ts,ts,escrito,24,816,57a72617a9505bc76c0f13c26f851b2fa206c06954b3907886645857746e4f47
supabase/functions/_compartido/entorno.ts,ts,escrito,44,1781,d4789d8193ccf1e9b993ecfef49d30f3f946a24565a92a25debbd1e994c4db54
supabase/functions/_compartido/nucleo.prueba.ts,ts,escrito,127,4247,7606b5d39ec89c81bb5dce7b982bd44d42164e5cde127c08ca3bf3d07c5fc60c
supabase/functions/_compartido/nucleo.ts,ts,escrito,108,5504,61c1a603286ba91cf220c82aa95ab5e45497a29342fc90b494d242587152deb0
supabase/functions/_compartido/quiz-nucleo.prueba.ts,ts,escrito,178,7697,b182ce0766a0099d63f7e21dd99251b495442aa86732748f3817cf77867f5386
supabase/functions/_compartido/quiz-nucleo.ts,ts,escrito,224,10483,9c8a44019c2421fbb4c8b1dcc494f249aa846b0fbbe9ec6cf8ceb79a3d633326
supabase/functions/_compartido/resumen-nucleo.prueba.ts,ts,escrito,122,4182,33782df6ffff634cd44f73d28b06b9459dd0ecca49f6feab8a0d5c0ab8aadb2b
supabase/functions/_compartido/resumen-nucleo.ts,ts,escrito,130,5498,b2ef454a5b4134af84bb5dc016e2bf3ac7665b772b77446aab8862d304289825
supabase/functions/_compartido/sala-nucleo.prueba.ts,ts,escrito,104,4147,23839b6cb4cff644fb2e95cf51e7e79a7c8254124b56f4f4d93455f4ab419dff
supabase/functions/_compartido/sala-nucleo.ts,ts,escrito,108,3437,743c39afe1138c6461903dab70235ab24059329a260e40c592cd5f0d1291d364
supabase/functions/asistente/index.ts,ts,escrito,267,10722,be5a6e5bacd7aceaf92e6f2712232d70db5d7a6d171554c462dca7f3500dc537
supabase/functions/avisar/index.ts,ts,escrito,152,6360,984cf48b08d075e5127c11c6b67afc3c51426e31eb4532975f665ab57770c0e4
supabase/functions/borrar-cuenta/index.ts,ts,escrito,91,3917,265a4ad276a46941df3df6ff2f56814c11d375b3a81963b5e5305ec371b3c56b
supabase/functions/fichas/index.ts,ts,escrito,161,6111,f6a88a5289ca75f9766ee0977ca85d7c1ce734348719f60a4f36df5a3837366a
supabase/functions/quiz/index.ts,ts,escrito,153,5837,0e94f2e4b858f215333210fb31c2674dbc92c479dfee7256198e9ca241b6a8c2
supabase/functions/resumen/index.ts,ts,escrito,158,5465,4d8194f219841bdee1127c308eadba7282021582b140b2873b06b77d3001448f
supabase/functions/sala/index.ts,ts,escrito,96,3425,1c10510e9bd9fb2791958fbd46a4d58927ca3511e05fb7e4861d272cd157f078
supabase/functions/tutor/index.ts,ts,escrito,194,6731,f9ac4b752e3dee3fa2f2e2d5173abc9eba51d383f15abdf6ce5a976f9704f9b9
supabase/migrations/20260825000100_esquema.sql,sql,escrito,261,10841,01979226a8f7466cf78a3c9c4392ba23f1dbf91465743e27066123ba7d11360a
supabase/migrations/20260825000200_rls.sql,sql,escrito,174,8104,fc3573e5551896039e55af66a77dac369188b0b8c1ac9e1500085c31d45e5a8d
supabase/migrations/20260825000300_companeros.sql,sql,escrito,30,1184,719f547e5c56ec5cf2087b8bfb4c590b5e6b34210a2765001259ea26abaca470
supabase/migrations/20260825000400_apuntes.sql,sql,escrito,88,3774,9359d32ba0ca4e06fd0499fec6df229034ca207793dbe8418d4e1d087ae5dc10
supabase/migrations/20260825000500_apuntes_tablero.sql,sql,escrito,14,482,dc16af9d456c063fece3399f8a5f9fba17ff5184b59ef33f8467b3cc35afc386
supabase/migrations/20260826000100_lectura.sql,sql,escrito,21,931,07f734e2d12df297f1601b53ff62370c9bbd9adfff5b0c77aa988004b8f8d605
supabase/migrations/20260826000200_docentes.sql,sql,escrito,349,13555,9794cb8778e31aec1652ffdc4cca1e26feacdbd67337677b1e15586705f4346e
supabase/migrations/20260826000300_administracion.sql,sql,escrito,76,3453,ddb86370c91cdcd399fca3c9c7b5cf5cec7f385c509b90b42d6a0667fc666f47
supabase/migrations/20260827000100_lista_del_curso.sql,sql,escrito,23,852,ce908531ea4e55bf2f0ca1d48b6f5c395903c1e14368591d86666ac20385ae02
supabase/migrations/20260827000200_uso_asistente.sql,sql,escrito,29,1258,578b7d2fb3a203d5aa4db0a8bf2834db1ed9c3d7fc61e1238d59e1d14da457eb
supabase/migrations/20260827000300_espacio_propio.sql,sql,escrito,101,4240,74b0022b1763b2be6b84cec2bbd1fd1e520489c46c640a89ad83b2319e2bb633
supabase/migrations/20260827000400_codigo_por_dueno.sql,sql,escrito,20,910,ebccc3e94a119189a324dae25165a47deaa7be99affdd4e8164fc4c1359f240d
supabase/migrations/20260829000100_cargar_catalogo.sql,sql,escrito,102,4265,4f48c0f611cd6a709b5eab9043387e142cfdb44169caf509ae3ab7f987635805
supabase/migrations/20260829000200_registros.sql,sql,escrito,80,3093,698715fc5ef4382e6ae7b0eb4de13bc7bb167350e2b9f5f979179dbe18bd2543
supabase/migrations/20260830000100_sesiones_estudio.sql,sql,escrito,50,2706,fc4257e9472e8263b3629dddae2d2d1c598d59cf51bfa833f5e006bee2a4e6c2
supabase/migrations/20260830000200_quices.sql,sql,escrito,91,4278,edb31ecfbd84bdd7e6edad0d69a5f2384d0d76b018261556f9436fc6b1714581
supabase/migrations/20260830000300_fichas.sql,sql,escrito,103,4501,bccf6aa79d585e444e15da98c9ce895a0de249df1966af477e99d2cbd69da5cf
supabase/migrations/20260830000400_apuntes_a_mano.sql,sql,escrito,39,1885,7956b46d4deebe32db025174be5916ffdaa64136359b1513c58f8ceb9584286f
supabase/migrations/20260830000500_modo_escucha.sql,sql,escrito,158,7522,0587c361025107ed5fbd33d8baa6e54da65d9cf7df4c9c7723edfbb8194b37db
supabase/migrations/20260831000100_planificacion.sql,sql,escrito,49,2444,ef94eedfef00dc9fff4803bd565f1ff34c7eeff556d3e6d861f025746283f38a
supabase/migrations/20260901000100_borrar_cuenta.sql,sql,escrito,46,1881,511c5c0f91008f24692bc771b63c604a701293ed7fcc8bf37967fdad95942c0a
supabase/migrations/20260901000200_almacenamiento.sql,sql,escrito,112,4602,f1e32490c17ac2cfa45f6c9242e37b035d306ff61334651028c08aa9b490a3da
supabase/migrations/20260901000300_entregas_con_archivo.sql,sql,escrito,64,2275,fb6e9b0dcd115981f854ffd89387e045e5da06fd14d0c8dba104560986a8b6dd
supabase/migrations/20260901000400_errores.sql,sql,escrito,79,3491,ecf8b354102037bfa6e30198c5348309c96b6230fa7728d98ed910a49232e3ca
supabase/migrations/20260901000500_avisos.sql,sql,escrito,70,3403,22c61b7b7759773389af9992fb2fa7ffe40830d24f35ee11c81f839afc2d6a2c
supabase/migrations/20260901000600_planes.sql,sql,escrito,77,3178,43a8b50410786b89b2c38f90bd173262fd641d08829b62284fe7ab6b3927daa4
supabase/migrations/20260901000700_permisos_afinados.sql,sql,escrito,62,3114,16a5dc2d1e35af5bacbc7d72ab0330d50ea04d226527c54f9cde745375fa9d1b
supabase/migrations/20260901000800_leer_dictados.sql,sql,escrito,20,1077,abf5bc31ac68f78d16189049d1e623644918870e58be92eabfe4b8368349ba08
supabase/migrations/20260901000900_perfil_solo_el_nombre.sql,sql,escrito,24,1236,28cf3b56fbee0c6674a1db5a68d31df10c9fa2cd6a977dc118fce30b0d11c4a5
supabase/migrations/20260902000100_reportes.sql,sql,escrito,58,2835,fc8865aa7b1f181bce5bcfc9ba72adbfd737527fca317058f493136d82ec8534
supabase/migrations/20260902000200_quien_dicta.sql,sql,escrito,35,1537,2eba413ddf38bd7391002044dc82c1379f1550a38ab0261ef67153b2db83a62e
supabase/migrations/20260902000300_plan_en_el_registro.sql,sql,escrito,42,1516,6198c67170893538d679b884d33fa3fc04b9e54ff47a473e62e6262663f3a212
supabase/migrations/20260903000100_matriculas.sql,sql,escrito,200,7729,0964b76c6df635e110477a1e7d270ddc1a56b864fe78f115afc72355b797e66a
supabase/migrations/20260904000100_instituciones.sql,sql,escrito,913,36575,392a99d110f376edf8589c75bc452efa66a8a63019da9da70009ea2c7e51b91c
supabase/pruebas/almacen.sql,sql,escrito,152,6833,a0ef5498afd5653fa65797a6dd87bdca78f560d484ed08ef8a0af2821f378829
supabase/pruebas/andamio.sql,sql,escrito,81,3214,c94556e1e8ab5e773e98016225fda495e9c9d23a335b29c01df1a2995a86795e
supabase/pruebas/borrado.sql,sql,escrito,132,6789,81c9ecab1833a81fec68c62bcc3a6227ade9cc760f0524b72e7a6ea215a6f833
supabase/pruebas/catalogo.sql,sql,escrito,123,4790,7c7b6389564a7ea51873ebffe5a9492e3e64c32f2e8de35b09fca16ed60acca7
supabase/pruebas/correr.sh,sh,escrito,53,2228,c2a7eb044d24485ce20b4ae106d8174d7b2cd5db635ade37f67f0b0b13516425
supabase/pruebas/importar.sh,sh,escrito,68,2656,791f8e3d010b2b5e76f3a5ec8b227fcc6fe64af56481f1f0f15603d824e2f9c4
supabase/pruebas/instituciones.sql,sql,escrito,277,13815,9cb47f629d96da291cf9a1b4d9f90df482c9916dcf5f4b89771c52e440767198
supabase/pruebas/lotes.sql,sql,escrito,100,4905,efa3fe88a7645d6f2e2c049235d2fd767d3bf33b625793bc30de257f89999884
supabase/pruebas/matriculas.sql,sql,escrito,149,6690,8413981192496431b571ef5b676d983513a08876c5a125acf319a3b7566b00a9
supabase/pruebas/rls.sql,sql,escrito,1421,64411,0430e52088fd804e9da51a7a5d7ee6a0254d3859ddbb73e96a40e44f78c24d09
supabase/pruebas/sintaxis.mjs,mjs,escrito,28,1126,3f1562201ba887842da57ba454da80136114851cac0bc3d9033c89d9b1d96aa5
supabase/seed.sql,sql,escrito,567,44764,414f072cedd083061da7a5a6ec2d8f2012cf0503e8f2e938b59bf270d7ba5c59
supabase/todo-de-una-vez.sql,sql,generado,3890,172315,7e94cedca7c20954a44e91a28d4ce8c99303f291a4a35859e32429e65c04e3f7
