paquete,licencia
@babel/code-frame@7.29.7,"MIT"
@babel/compat-data@7.29.7,"MIT"
@babel/core@7.29.7,"MIT"
@babel/generator@7.29.8,"MIT"
@babel/helper-annotate-as-pure@7.29.7,"MIT"
@babel/helper-compilation-targets@7.29.7,"MIT"
@babel/helper-create-class-features-plugin@7.29.7,"MIT"
@babel/helper-create-regexp-features-plugin@7.29.7,"MIT"
@babel/helper-define-polyfill-provider@0.6.8,"MIT"
@babel/helper-globals@7.29.7,"MIT"
@babel/helper-member-expression-to-functions@7.29.7,"MIT"
@babel/helper-module-imports@7.29.7,"MIT"
@babel/helper-module-transforms@7.29.7,"MIT"
@babel/helper-optimise-call-expression@7.29.7,"MIT"
@babel/helper-plugin-utils@7.29.7,"MIT"
@babel/helper-remap-async-to-generator@7.29.7,"MIT"
@babel/helper-replace-supers@7.29.7,"MIT"
@babel/helper-skip-transparent-expression-wrappers@7.29.7,"MIT"
@babel/helper-string-parser@7.29.7,"MIT"
@babel/helper-validator-identifier@7.29.7,"MIT"
@babel/helper-validator-option@7.29.7,"MIT"
@babel/helper-wrap-function@7.29.7,"MIT"
@babel/helpers@7.29.7,"MIT"
@babel/parser@7.29.8,"MIT"
@babel/plugin-proposal-decorators@7.29.7,"MIT"
@babel/plugin-proposal-export-default-from@7.29.7,"MIT"
@babel/plugin-syntax-async-generators@7.8.4,"MIT"
@babel/plugin-syntax-bigint@7.8.3,"MIT"
@babel/plugin-syntax-class-properties@7.12.13,"MIT"
@babel/plugin-syntax-class-static-block@7.14.5,"MIT"
@babel/plugin-syntax-decorators@7.29.7,"MIT"
@babel/plugin-syntax-dynamic-import@7.8.3,"MIT"
@babel/plugin-syntax-export-default-from@7.29.7,"MIT"
@babel/plugin-syntax-flow@7.29.7,"MIT"
@babel/plugin-syntax-import-attributes@7.29.7,"MIT"
@babel/plugin-syntax-import-meta@7.10.4,"MIT"
@babel/plugin-syntax-json-strings@7.8.3,"MIT"
@babel/plugin-syntax-jsx@7.29.7,"MIT"
@babel/plugin-syntax-logical-assignment-operators@7.10.4,"MIT"
@babel/plugin-syntax-nullish-coalescing-operator@7.8.3,"MIT"
@babel/plugin-syntax-numeric-separator@7.10.4,"MIT"
@babel/plugin-syntax-object-rest-spread@7.8.3,"MIT"
@babel/plugin-syntax-optional-catch-binding@7.8.3,"MIT"
@babel/plugin-syntax-optional-chaining@7.8.3,"MIT"
@babel/plugin-syntax-private-property-in-object@7.14.5,"MIT"
@babel/plugin-syntax-top-level-await@7.14.5,"MIT"
@babel/plugin-syntax-typescript@7.29.7,"MIT"
@babel/plugin-transform-async-generator-functions@7.29.7,"MIT"
@babel/plugin-transform-async-to-generator@7.29.7,"MIT"
@babel/plugin-transform-block-scoping@7.29.7,"MIT"
@babel/plugin-transform-class-properties@7.29.7,"MIT"
@babel/plugin-transform-class-static-block@7.29.7,"MIT"
@babel/plugin-transform-classes@7.29.7,"MIT"
@babel/plugin-transform-destructuring@7.29.7,"MIT"
@babel/plugin-transform-export-namespace-from@7.29.7,"MIT"
@babel/plugin-transform-flow-strip-types@7.29.7,"MIT"
@babel/plugin-transform-for-of@7.29.7,"MIT"
@babel/plugin-transform-logical-assignment-operators@7.29.7,"MIT"
@babel/plugin-transform-modules-commonjs@7.29.7,"MIT"
@babel/plugin-transform-named-capturing-groups-regex@7.29.7,"MIT"
@babel/plugin-transform-nullish-coalescing-operator@7.29.7,"MIT"
@babel/plugin-transform-object-rest-spread@7.29.7,"MIT"
@babel/plugin-transform-optional-catch-binding@7.29.7,"MIT"
@babel/plugin-transform-optional-chaining@7.29.7,"MIT"
@babel/plugin-transform-parameters@7.29.7,"MIT"
@babel/plugin-transform-private-methods@7.29.7,"MIT"
@babel/plugin-transform-private-property-in-object@7.29.7,"MIT"
@babel/plugin-transform-react-display-name@7.29.7,"MIT"
@babel/plugin-transform-react-jsx-development@7.29.7,"MIT"
@babel/plugin-transform-react-jsx@7.29.7,"MIT"
@babel/plugin-transform-react-pure-annotations@7.29.7,"MIT"
@babel/plugin-transform-runtime@7.29.7,"MIT"
@babel/plugin-transform-typescript@7.29.7,"MIT"
@babel/plugin-transform-unicode-regex@7.29.7,"MIT"
@babel/preset-typescript@7.29.7,"MIT"
@babel/runtime@7.29.7,"MIT"
@babel/template@7.29.7,"MIT"
@babel/traverse@7.29.8,"MIT"
@babel/types@7.29.8,"MIT"
@bcoe/v8-coverage@0.2.3,"MIT"
@expo/cli@57.0.18,"MIT"
@expo/code-signing-certificates@0.0.6,"MIT"
@expo/config-plugins@57.0.9,"MIT"
@expo/config-types@57.0.2,"MIT"
@expo/config@57.0.9,"MIT"
@expo/devcert@1.2.1,"MIT"
@expo/devtools@57.0.1,"MIT"
@expo/dom-webview@57.0.1,"MIT"
@expo/env@2.4.3,"MIT"
@expo/expo-modules-macros-plugin@0.6.1,"MIT"
@expo/fingerprint@0.20.10,"MIT"
@expo/image-utils@0.11.5,"MIT"
@expo/inline-modules@0.1.6,"MIT"
@expo/json-file@11.0.1,"MIT"
@expo/local-build-cache-provider@57.0.7,"MIT"
@expo/log-box@57.0.3,"MIT"
@expo/metro-config@57.0.10,"MIT"
@expo/metro-file-map@57.0.2,"MIT"
@expo/metro-runtime@57.0.13,"MIT"
@expo/metro@56.0.2,"MIT"
@expo/osascript@2.7.1,"MIT"
@expo/package-manager@1.13.1,"MIT"
@expo/plist@0.8.1,"MIT"
@expo/prebuild-config@57.0.14,"MIT"
@expo/require-utils@57.0.5,"MIT"
@expo/router-server@57.0.7,"MIT"
@expo/schema-utils@57.0.2,"MIT"
@expo/sdk-runtime-versions@1.0.0,"MIT"
@expo/spawn-async@1.8.0,"MIT"
@expo/sudo-prompt@9.3.2,"MIT"
@expo/vector-icons@15.1.1,"MIT"
@expo/ws-tunnel@2.0.0,"MIT"
@expo/xcpretty@4.4.4,"BSD-3-Clause"
@isaacs/ttlcache@1.4.1,"ISC"
@istanbuljs/load-nyc-config@1.1.0,"ISC"
@istanbuljs/schema@0.1.6,"MIT"
@jest/console@29.7.0,"MIT"
@jest/core@29.7.0,"MIT"
@jest/create-cache-key-function@29.7.0,"MIT"
@jest/diff-sequences@30.4.0,"MIT"
@jest/environment@29.7.0,"MIT"
@jest/expect-utils@29.7.0,"MIT"
@jest/expect-utils@30.4.1,"MIT"
@jest/expect@29.7.0,"MIT"
@jest/fake-timers@29.7.0,"MIT"
@jest/get-type@30.1.0,"MIT"
@jest/globals@29.7.0,"MIT"
@jest/pattern@30.4.0,"MIT"
@jest/reporters@29.7.0,"MIT"
@jest/schemas@29.6.3,"MIT"
@jest/schemas@30.4.1,"MIT"
@jest/source-map@29.6.3,"MIT"
@jest/test-result@29.7.0,"MIT"
@jest/test-sequencer@29.7.0,"MIT"
@jest/transform@29.7.0,"MIT"
@jest/types@29.6.3,"MIT"
@jest/types@30.4.1,"MIT"
@jridgewell/gen-mapping@0.3.13,"MIT"
@jridgewell/remapping@2.3.5,"MIT"
@jridgewell/resolve-uri@3.1.2,"MIT"
@jridgewell/source-map@0.3.11,"MIT"
@jridgewell/sourcemap-codec@1.5.5,"MIT"
@jridgewell/trace-mapping@0.3.31,"MIT"
@react-native-async-storage/async-storage@2.2.0,"MIT"
@react-native/assets-registry@0.86.2,"MIT"
@react-native/assets-registry@0.87.0,"MIT"
@react-native/babel-plugin-codegen@0.86.2,"MIT"
@react-native/codegen@0.86.2,"MIT"
@react-native/community-cli-plugin@0.86.2,"MIT"
@react-native/debugger-frontend@0.86.2,"BSD-3-Clause"
@react-native/debugger-shell@0.86.2,"MIT"
@react-native/dev-middleware@0.86.2,"MIT"
@react-native/gradle-plugin@0.86.2,"MIT"
@react-native/jest-preset@0.86.2,"MIT"
@react-native/js-polyfills@0.86.2,"MIT"
@react-native/normalize-colors@0.74.89,"MIT"
@react-native/normalize-colors@0.86.2,"MIT"
@react-native/virtualized-lists@0.86.2,"MIT"
@react-navigation/bottom-tabs@7.18.17,"MIT"
@react-navigation/core@7.21.13,"MIT"
@react-navigation/elements@2.9.39,"MIT"
@react-navigation/native-stack@7.18.9,"MIT"
@react-navigation/native@7.3.17,"MIT"
@react-navigation/routers@7.6.4,"MIT"
@sinclair/typebox@0.27.12,"MIT"
@sinclair/typebox@0.34.52,"MIT"
@sinonjs/commons@3.0.1,"BSD-3-Clause"
@sinonjs/fake-timers@10.3.0,"BSD-3-Clause"
@supabase/auth-js@2.112.4,"MIT"
@supabase/functions-js@2.112.4,"MIT"
@supabase/phoenix@0.4.5,"MIT"
@supabase/postgrest-js@2.112.4,"MIT"
@supabase/realtime-js@2.112.4,"MIT"
@supabase/storage-js@2.112.4,"MIT"
@supabase/supabase-js@2.112.4,"MIT"
@testing-library/react-native@14.0.1,"MIT"
@tootallnate/once@2.0.1,"MIT"
@types/babel__core@7.20.5,"MIT"
@types/babel__generator@7.27.0,"MIT"
@types/babel__template@7.4.4,"MIT"
@types/babel__traverse@7.28.0,"MIT"
@types/graceful-fs@4.1.9,"MIT"
@types/istanbul-lib-coverage@2.0.6,"MIT"
@types/istanbul-lib-report@3.0.3,"MIT"
@types/istanbul-reports@3.0.4,"MIT"
@types/jest@30.0.0,"MIT"
@types/jsdom@20.0.1,"MIT"
@types/node@26.3.0,"MIT"
@types/react-reconciler@0.33.0,"MIT"
@types/react@19.2.18,"MIT"
@types/stack-utils@2.0.3,"MIT"
@types/tough-cookie@4.0.5,"MIT"
@types/yargs-parser@21.0.3,"MIT"
@types/yargs@17.0.35,"MIT"
@ungap/structured-clone@1.3.3,"ISC"
@xmldom/xmldom@0.8.15,"MIT"
@xmldom/xmldom@0.9.12,"MIT"
abab@2.0.6,"BSD-3-Clause"
abort-controller@3.0.0,"MIT"
accepts@1.3.8,"MIT"
accepts@2.0.0,"MIT"
acorn-globals@7.0.1,"MIT"
acorn-walk@8.3.5,"MIT"
acorn@8.18.0,"MIT"
agent-base@6.0.2,"MIT"
agent-base@7.1.4,"MIT"
agent-cli-detector@0.1.6,"MIT"
anser@1.4.10,"MIT"
ansi-escapes@4.3.2,"MIT"
ansi-escapes@6.2.1,"MIT"
ansi-regex@4.1.1,"MIT"
ansi-regex@5.0.1,"MIT"
ansi-regex@6.3.0,"MIT"
ansi-styles@3.2.1,"MIT"
ansi-styles@4.3.0,"MIT"
ansi-styles@5.2.0,"MIT"
anymatch@3.1.3,"ISC"
arg@5.0.2,"MIT"
argparse@1.0.10,"MIT"
argparse@2.0.1,"Python-2.0"
asap@2.0.6,"MIT"
asynckit@0.4.0,"MIT"
babel-jest@29.7.0,"MIT"
babel-plugin-istanbul@6.1.1,"BSD-3-Clause"
babel-plugin-jest-hoist@29.6.3,"MIT"
babel-plugin-polyfill-corejs2@0.4.17,"MIT"
babel-plugin-polyfill-corejs3@0.13.0,"MIT"
babel-plugin-polyfill-regenerator@0.6.8,"MIT"
babel-plugin-react-compiler@1.0.0,"MIT"
babel-plugin-react-native-web@0.21.2,"MIT"
babel-plugin-syntax-hermes-parser@0.36.0,"MIT"
babel-plugin-transform-flow-enums@0.0.2,"MIT"
babel-preset-current-node-syntax@1.2.0,"MIT"
babel-preset-expo@57.0.8,"MIT"
babel-preset-jest@29.6.3,"MIT"
badgin@1.2.3,"MIT"
balanced-match@1.0.2,"MIT"
balanced-match@4.0.4,"MIT"
base64-js@1.5.1,"MIT"
baseline-browser-mapping@2.11.19,"Apache-2.0"
big-integer@1.6.52,"Unlicense"
boolbase@1.0.0,"ISC"
bplist-creator@0.1.0,"MIT"
bplist-parser@0.3.1,"MIT"
brace-expansion@1.1.18,"MIT"
brace-expansion@5.0.9,"MIT"
braces@3.0.3,"MIT"
browserslist@4.28.8,"MIT"
bser@2.1.1,"Apache-2.0"
buffer-from@1.1.2,"MIT"
buffer@5.7.1,"MIT"
bytes@3.1.2,"MIT"
call-bind-apply-helpers@1.0.2,"MIT"
callsites@3.1.0,"MIT"
camelcase@5.3.1,"MIT"
camelcase@6.3.0,"MIT"
caniuse-lite@1.0.30001810,"CC-BY-4.0"
chalk@2.4.2,"MIT"
chalk@3.0.0,"MIT"
chalk@4.1.2,"MIT"
char-regex@1.0.2,"MIT"
char-regex@2.0.2,"MIT"
chrome-launcher@0.15.2,"Apache-2.0"
chromium-edge-launcher@0.3.0,"Apache-2.0"
ci-info@2.0.0,"MIT"
ci-info@3.9.0,"MIT"
ci-info@4.4.0,"MIT"
cjs-module-lexer@1.4.3,"MIT"
cli-cursor@2.1.0,"MIT"
cli-spinners@2.9.2,"MIT"
cliui@8.0.1,"ISC"
clone@1.0.4,"MIT"
co@4.6.0,"MIT"
collect-v8-coverage@1.0.3,"MIT"
color-convert@1.9.3,"MIT"
color-convert@2.0.1,"MIT"
color-name@1.1.3,"MIT"
color-name@1.1.4,"MIT"
color-string@1.9.1,"MIT"
color@4.2.3,"MIT"
combined-stream@1.0.8,"MIT"
commander@12.1.0,"MIT"
commander@2.20.3,"MIT"
commander@7.2.0,"MIT"
compressible@2.0.18,"MIT"
compression@1.8.1,"MIT"
concat-map@0.0.1,"MIT"
connect@3.7.0,"MIT"
content-type@2.1.0,"MIT"
convert-source-map@2.0.0,"MIT"
core-js-compat@3.50.0,"MIT"
create-jest@29.7.0,"MIT"
cross-fetch@3.2.0,"MIT"
cross-spawn@7.0.6,"MIT"
css-in-js-utils@3.1.0,"MIT"
css-select@5.2.2,"BSD-2-Clause"
css-tree@1.1.3,"MIT"
css-what@6.2.2,"BSD-2-Clause"
cssom@0.3.8,"MIT"
cssom@0.5.0,"MIT"
cssstyle@2.3.0,"MIT"
csstype@3.2.3,"MIT"
data-urls@3.0.2,"MIT"
debug@2.6.9,"MIT"
debug@3.2.7,"MIT"
debug@4.4.3,"MIT"
decimal.js@10.6.0,"MIT"
decode-uri-component@0.2.2,"MIT"
dedent@1.7.2,"MIT"
deepmerge@4.3.1,"MIT"
defaults@1.0.4,"MIT"
delayed-stream@1.0.0,"MIT"
depd@2.0.0,"MIT"
destroy@1.2.0,"MIT"
detect-libc@2.1.2,"Apache-2.0"
detect-newline@3.1.0,"MIT"
diff-sequences@29.6.3,"MIT"
dnssd-advertise@1.1.6,"MIT"
dom-serializer@2.0.0,"MIT"
domelementtype@2.3.0,"BSD-2-Clause"
domexception@4.0.0,"MIT"
domhandler@5.0.3,"BSD-2-Clause"
domutils@3.2.2,"BSD-2-Clause"
dunder-proto@1.0.1,"MIT"
ee-first@1.1.1,"MIT"
electron-to-chromium@1.5.414,"ISC"
emittery@0.13.1,"MIT"
emoji-regex@8.0.0,"MIT"
encodeurl@1.0.2,"MIT"
encodeurl@2.0.0,"MIT"
entities@4.5.0,"BSD-2-Clause"
entities@6.0.1,"BSD-2-Clause"
error-ex@1.3.4,"MIT"
error-stack-parser@2.1.4,"MIT"
es-define-property@1.0.1,"MIT"
es-errors@1.3.0,"MIT"
es-object-atoms@1.1.2,"MIT"
es-set-tostringtag@2.1.0,"MIT"
escalade@3.2.0,"MIT"
escape-html@1.0.3,"MIT"
escape-string-regexp@1.0.5,"MIT"
escape-string-regexp@2.0.0,"MIT"
escape-string-regexp@4.0.0,"MIT"
escodegen@2.1.0,"BSD-2-Clause"
esprima@4.0.1,"BSD-2-Clause"
estraverse@5.3.0,"BSD-2-Clause"
esutils@2.0.3,"BSD-2-Clause"
etag@1.8.1,"MIT"
event-target-shim@5.0.1,"MIT"
execa@5.1.1,"MIT"
exit@0.1.2,"MIT"
expect@29.7.0,"MIT"
expect@30.4.1,"MIT"
expo-application@57.0.2,"MIT"
expo-asset@57.0.14,"MIT"
expo-audio@57.0.4,"MIT"
expo-constants@57.0.16,"MIT"
expo-document-picker@57.0.1,"MIT"
expo-file-system@57.0.5,"MIT"
expo-font@57.0.1,"MIT"
expo-keep-awake@57.0.1,"MIT"
expo-linking@57.0.8,"MIT"
expo-modules-autolinking@57.0.11,"MIT"
expo-modules-core@57.0.13,"MIT"
expo-modules-jsi@57.0.5,"MIT"
expo-notifications@57.0.15,"MIT"
expo-server@57.0.3,"MIT"
expo-speech@57.0.1,"MIT"
expo-splash-screen@57.0.8,"MIT"
expo-status-bar@57.0.1,"MIT"
expo-system-ui@57.0.2,"MIT"
expo-web-browser@57.0.2,"MIT"
expo@57.0.16,"MIT"
exponential-backoff@3.1.3,"Apache-2.0"
fast-deep-equal@3.1.3,"MIT"
fast-json-stable-stringify@2.1.0,"MIT"
fb-dotslash@0.5.8,"(MIT OR Apache-2.0)"
fb-watchman@2.0.2,"Apache-2.0"
fbjs-css-vars@1.0.2,"MIT"
fbjs@3.0.5,"MIT"
fdir@6.5.0,"MIT"
fetch-nodeshim@0.4.10,"MIT"
fill-range@7.1.1,"MIT"
filter-obj@1.1.0,"MIT"
finalhandler@1.1.2,"MIT"
find-up@4.1.0,"MIT"
flow-enums-runtime@0.0.6,"MIT"
fontfaceobserver@2.3.0,"BSD-2-Clause"
form-data@4.0.6,"MIT"
fresh@0.5.2,"MIT"
fs.realpath@1.0.0,"ISC"
function-bind@1.1.2,"MIT"
gensync@1.0.0-beta.2,"MIT"
get-caller-file@2.0.5,"ISC"
get-intrinsic@1.3.0,"MIT"
get-package-type@0.1.0,"MIT"
get-proto@1.0.1,"MIT"
get-stream@6.0.1,"MIT"
getenv@2.0.0,"MIT"
glob@13.0.6,"BlueOak-1.0.0"
glob@7.2.3,"ISC"
gopd@1.2.0,"MIT"
graceful-fs@4.2.11,"ISC"
has-flag@3.0.0,"MIT"
has-flag@4.0.0,"MIT"
has-symbols@1.1.0,"MIT"
has-tostringtag@1.0.2,"MIT"
hasown@2.0.4,"MIT"
hermes-compiler@250829098.0.16,"MIT"
hermes-estree@0.35.0,"MIT"
hermes-estree@0.36.0,"MIT"
hermes-estree@0.36.1,"MIT"
hermes-parser@0.35.0,"MIT"
hermes-parser@0.36.0,"MIT"
hermes-parser@0.36.1,"MIT"
hosted-git-info@7.0.2,"ISC"
html-encoding-sniffer@3.0.0,"MIT"
html-escaper@2.0.2,"MIT"
http-errors@2.0.1,"MIT"
http-proxy-agent@5.0.0,"MIT"
https-proxy-agent@5.0.1,"MIT"
https-proxy-agent@7.0.6,"MIT"
human-signals@2.1.0,"Apache-2.0"
hyphenate-style-name@1.1.0,"BSD-3-Clause"
iceberg-js@0.8.1,"MIT"
iconv-lite@0.6.3,"MIT"
ieee754@1.2.1,"BSD-3-Clause"
ignore@5.3.2,"MIT"
import-local@3.2.0,"MIT"
imurmurhash@0.1.4,"MIT"
indent-string@4.0.0,"MIT"
inflight@1.0.6,"ISC"
inherits@2.0.4,"ISC"
inline-style-prefixer@7.0.1,"MIT"
invariant@2.2.4,"MIT"
is-arrayish@0.2.1,"MIT"
is-arrayish@0.3.4,"MIT"
is-core-module@2.16.2,"MIT"
is-docker@2.2.1,"MIT"
is-fullwidth-code-point@3.0.0,"MIT"
is-generator-fn@2.1.0,"MIT"
is-number@7.0.0,"MIT"
is-plain-obj@2.1.0,"MIT"
is-potential-custom-element-name@1.0.1,"MIT"
is-stream@2.0.1,"MIT"
is-wsl@2.2.0,"MIT"
isexe@2.0.0,"ISC"
istanbul-lib-coverage@3.2.2,"BSD-3-Clause"
istanbul-lib-instrument@5.2.1,"BSD-3-Clause"
istanbul-lib-instrument@6.0.3,"BSD-3-Clause"
istanbul-lib-report@3.0.1,"BSD-3-Clause"
istanbul-lib-source-maps@4.0.1,"BSD-3-Clause"
istanbul-reports@3.2.0,"BSD-3-Clause"
jest-changed-files@29.7.0,"MIT"
jest-circus@29.7.0,"MIT"
jest-cli@29.7.0,"MIT"
jest-config@29.7.0,"MIT"
jest-diff@29.7.0,"MIT"
jest-diff@30.4.1,"MIT"
jest-docblock@29.7.0,"MIT"
jest-each@29.7.0,"MIT"
jest-environment-jsdom@29.7.0,"MIT"
jest-environment-node@29.7.0,"MIT"
jest-expo@57.0.4,"MIT"
jest-get-type@29.6.3,"MIT"
jest-haste-map@29.7.0,"MIT"
jest-leak-detector@29.7.0,"MIT"
jest-matcher-utils@29.7.0,"MIT"
jest-matcher-utils@30.4.1,"MIT"
jest-message-util@29.7.0,"MIT"
jest-message-util@30.4.1,"MIT"
jest-mock@29.7.0,"MIT"
jest-mock@30.4.1,"MIT"
jest-pnp-resolver@1.2.3,"MIT"
jest-regex-util@29.6.3,"MIT"
jest-regex-util@30.4.0,"MIT"
jest-resolve-dependencies@29.7.0,"MIT"
jest-resolve@29.7.0,"MIT"
jest-runner@29.7.0,"MIT"
jest-runtime@29.7.0,"MIT"
jest-snapshot@29.7.0,"MIT"
jest-util@29.7.0,"MIT"
jest-util@30.4.1,"MIT"
jest-validate@29.7.0,"MIT"
jest-watch-select-projects@2.0.0,"MIT"
jest-watch-typeahead@2.2.1,"MIT"
jest-watcher@29.7.0,"MIT"
jest-worker@29.7.0,"MIT"
jest@29.7.0,"MIT"
jimp-compact@0.16.1,"MIT"
js-tokens@4.0.0,"MIT"
js-yaml@3.15.1,"MIT"
js-yaml@4.3.1,"MIT"
jsc-safe-url@0.2.4,"0BSD"
jsdom@20.0.3,"MIT"
jsesc@3.1.0,"MIT"
json-parse-even-better-errors@2.3.1,"MIT"
json5@2.2.3,"MIT"
kleur@3.0.3,"MIT"
lan-network@0.2.1,"MIT"
leven@3.1.0,"MIT"
lighthouse-logger@1.4.2,"Apache-2.0"
lightningcss-linux-x64-gnu@1.33.0,"MPL-2.0"
lightningcss-linux-x64-musl@1.33.0,"MPL-2.0"
lightningcss@1.33.0,"MPL-2.0"
lines-and-columns@1.2.4,"MIT"
locate-path@5.0.0,"MIT"
lodash.debounce@4.0.8,"MIT"
lodash.throttle@4.1.1,"MIT"
lodash@4.18.1,"MIT"
log-symbols@2.2.0,"MIT"
loose-envify@1.4.0,"MIT"
lru-cache@10.4.3,"ISC"
lru-cache@11.5.2,"BlueOak-1.0.0"
lru-cache@5.1.1,"ISC"
make-dir@4.0.0,"MIT"
makeerror@1.0.12,"BSD-3-Clause"
marky@1.3.0,"Apache-2.0"
math-intrinsics@1.1.0,"MIT"
mdn-data@2.0.14,"CC0-1.0"
memoize-one@5.2.1,"MIT"
memoize-one@6.0.0,"MIT"
merge-options@3.0.4,"MIT"
merge-stream@2.0.0,"MIT"
metro-babel-transformer@0.84.5,"MIT"
metro-cache-key@0.84.5,"MIT"
metro-cache@0.84.5,"MIT"
metro-config@0.84.5,"MIT"
metro-core@0.84.5,"MIT"
metro-file-map@0.84.5,"MIT"
metro-minify-terser@0.84.5,"MIT"
metro-resolver@0.84.5,"MIT"
metro-runtime@0.84.5,"MIT"
metro-source-map@0.84.5,"MIT"
metro-symbolicate@0.84.5,"MIT"
metro-transform-plugins@0.84.5,"MIT"
metro-transform-worker@0.84.5,"MIT"
metro@0.84.5,"MIT"
micromatch@4.0.8,"MIT"
mime-db@1.52.0,"MIT"
mime-db@1.54.0,"MIT"
mime-types@2.1.35,"MIT"
mime-types@3.0.2,"MIT"
mime@1.6.0,"MIT"
mimic-fn@1.2.0,"MIT"
mimic-fn@2.1.0,"MIT"
min-indent@1.0.1,"MIT"
minimatch@10.2.6,"BlueOak-1.0.0"
minimatch@3.1.5,"ISC"
minipass@7.1.3,"BlueOak-1.0.0"
mkdirp@1.0.4,"MIT"
ms@2.0.0,"MIT"
ms@2.1.3,"MIT"
multitars@1.0.2,"MIT"
nanoid@3.3.18,"MIT"
natural-compare@1.4.0,"MIT"
negotiator@0.6.3,"MIT"
negotiator@0.6.4,"MIT"
negotiator@1.1.0,"MIT"
node-fetch@2.7.0,"MIT"
node-forge@1.4.0,"(BSD-3-Clause OR GPL-2.0)"
node-int64@0.4.0,"MIT"
node-releases@2.0.53,"MIT"
normalize-path@3.0.0,"MIT"
npm-package-arg@11.0.3,"ISC"
npm-run-path@4.0.1,"MIT"
nth-check@2.1.1,"BSD-2-Clause"
nullthrows@1.1.1,"MIT"
nwsapi@2.2.24,"MIT"
ob1@0.84.5,"MIT"
object-assign@4.1.1,"MIT"
on-finished@2.3.0,"MIT"
on-finished@2.4.1,"MIT"
on-headers@1.1.0,"MIT"
once@1.4.0,"ISC"
onetime@2.0.1,"MIT"
onetime@5.1.2,"MIT"
open@7.4.2,"MIT"
ora@3.4.0,"MIT"
p-limit@2.3.0,"MIT"
p-limit@3.1.0,"MIT"
p-locate@4.1.0,"MIT"
p-try@2.2.0,"MIT"
parse-json@5.2.0,"MIT"
parse-png@2.1.0,"MIT"
parse5@7.3.0,"MIT"
parseurl@1.3.3,"MIT"
path-exists@4.0.0,"MIT"
path-is-absolute@1.0.1,"MIT"
path-key@3.1.1,"MIT"
path-parse@1.0.7,"MIT"
path-scurry@2.0.2,"BlueOak-1.0.0"
picocolors@1.1.1,"ISC"
picomatch@2.3.2,"MIT"
picomatch@4.0.7,"MIT"
pirates@4.0.7,"MIT"
pkg-dir@4.2.0,"MIT"
plist@3.1.1,"MIT"
pngjs@3.4.0,"MIT"
postcss-value-parser@4.2.0,"MIT"
postcss@8.5.26,"MIT"
pretty-format@29.7.0,"MIT"
pretty-format@30.4.1,"MIT"
proc-log@4.2.0,"ISC"
progress@2.0.3,"MIT"
promise@7.3.1,"MIT"
promise@8.3.0,"MIT"
prompts@2.4.2,"MIT"
psl@1.15.0,"MIT"
punycode@2.3.1,"MIT"
pure-rand@6.1.0,"MIT"
query-string@7.1.3,"MIT"
querystringify@2.2.0,"MIT"
range-parser@1.2.1,"MIT"
react-devtools-core@6.1.5,"MIT"
react-dom@19.2.3,"MIT"
react-freeze@1.0.4,"MIT"
react-is@18.3.1,"MIT"
react-is@19.2.8,"MIT"
react-native-safe-area-context@5.7.0,"MIT"
react-native-screens@4.26.2,"MIT"
react-native-svg@15.15.4,"MIT"
react-native-url-polyfill@2.0.0,"MIT"
react-native-web@0.21.2,"MIT"
react-native@0.86.2,"MIT"
react-reconciler@0.33.0,"MIT"
react-refresh@0.14.2,"MIT"
react-test-renderer@19.2.3,"MIT"
react@19.2.3,"MIT"
redent@3.0.0,"MIT"
regenerate-unicode-properties@10.2.2,"MIT"
regenerate@1.4.2,"MIT"
regenerator-runtime@0.13.11,"MIT"
regexpu-core@6.4.0,"MIT"
regjsgen@0.8.0,"MIT"
regjsparser@0.13.2,"BSD-2-Clause"
require-directory@2.1.1,"MIT"
requires-port@1.0.0,"MIT"
resolve-cwd@3.0.0,"MIT"
resolve-from@5.0.0,"MIT"
resolve-workspace-root@2.0.1,"MIT"
resolve.exports@2.0.3,"MIT"
resolve@1.22.12,"MIT"
restore-cursor@2.0.0,"MIT"
safe-buffer@5.2.1,"MIT"
safer-buffer@2.1.2,"MIT"
sandbox-cli-detector@0.2.0,"MIT"
sax@1.6.1,"BlueOak-1.0.0"
saxes@6.0.0,"ISC"
scheduler@0.27.0,"MIT"
semver@6.3.1,"ISC"
semver@7.8.5,"ISC"
send@0.19.2,"MIT"
serialize-error@2.1.0,"MIT"
serve-static@1.16.3,"MIT"
server-only@0.0.1,"MIT"
setimmediate@1.0.5,"MIT"
setprototypeof@1.2.0,"ISC"
sf-symbols-typescript@2.2.0,"MIT"
shebang-command@2.0.0,"MIT"
shebang-regex@3.0.0,"MIT"
shell-quote@1.10.0,"MIT"
signal-exit@3.0.7,"ISC"
simple-plist@1.3.1,"MIT"
simple-swizzle@0.2.4,"MIT"
sisteransi@1.0.5,"MIT"
slash@3.0.0,"MIT"
slash@5.1.0,"MIT"
slugify@1.6.9,"MIT"
source-map-js@1.2.1,"BSD-3-Clause"
source-map-support@0.5.13,"MIT"
source-map-support@0.5.21,"MIT"
source-map@0.5.6,"BSD-3-Clause"
source-map@0.5.7,"BSD-3-Clause"
source-map@0.6.1,"BSD-3-Clause"
split-on-first@1.1.0,"MIT"
sprintf-js@1.0.3,"BSD-3-Clause"
stack-generator@2.0.10,"MIT"
stack-utils@2.0.6,"MIT"
stackframe@1.3.4,"MIT"
stacktrace-gps@3.1.2,"MIT"
stacktrace-js@2.0.2,"MIT"
stacktrace-parser@0.1.11,"MIT"
standard-navigation@0.0.8,"MIT"
statuses@1.5.0,"MIT"
statuses@2.0.2,"MIT"
stream-buffers@2.2.0,"Unlicense"
strict-uri-encode@2.0.0,"MIT"
string-length@4.0.2,"MIT"
string-length@5.0.1,"MIT"
string-width@4.2.3,"MIT"
strip-ansi@5.2.0,"MIT"
strip-ansi@6.0.1,"MIT"
strip-ansi@7.2.0,"MIT"
strip-bom@4.0.0,"MIT"
strip-final-newline@2.0.0,"MIT"
strip-indent@3.0.0,"MIT"
strip-json-comments@3.1.1,"MIT"
structured-headers@0.4.1,"MIT"
styleq@0.1.3,"MIT"
supports-color@5.5.0,"MIT"
supports-color@7.2.0,"MIT"
supports-color@8.1.1,"MIT"
supports-hyperlinks@2.3.0,"MIT"
supports-preserve-symlinks-flag@1.0.0,"MIT"
symbol-tree@3.2.4,"MIT"
terminal-link@2.1.1,"MIT"
terser@5.50.0,"BSD-2-Clause"
test-exclude@6.0.0,"ISC"
test-renderer@1.2.0,"MIT"
throat@5.0.0,"MIT"
tinyglobby@0.2.17,"MIT"
tmpl@1.0.5,"BSD-3-Clause"
to-regex-range@5.0.1,"MIT"
toidentifier@1.0.1,"MIT"
toqr@0.1.1,"MIT"
tough-cookie@4.1.4,"BSD-3-Clause"
tr46@0.0.3,"MIT"
tr46@3.0.0,"MIT"
tslib@2.8.1,"0BSD"
type-detect@4.0.8,"MIT"
type-fest@0.21.3,"(MIT OR CC0-1.0)"
type-fest@0.7.1,"(MIT OR CC0-1.0)"
typescript@5.9.3,"Apache-2.0"
ua-parser-js@1.0.41,"MIT"
undici-types@8.3.0,"MIT"
unicode-canonical-property-names-ecmascript@2.0.1,"MIT"
unicode-match-property-ecmascript@2.0.0,"MIT"
unicode-match-property-value-ecmascript@2.2.1,"MIT"
unicode-property-aliases-ecmascript@2.2.0,"MIT"
universalify@0.2.0,"MIT"
unpipe@1.0.0,"MIT"
update-browserslist-db@1.3.1,"MIT"
url-parse@1.5.10,"MIT"
use-latest-callback@0.2.6,"MIT"
use-sync-external-store@1.6.0,"MIT"
utils-merge@1.0.1,"MIT"
uuid@7.0.3,"MIT"
v8-to-istanbul@9.3.0,"ISC"
validate-npm-package-name@5.0.1,"ISC"
vary@1.1.2,"MIT"
vlq@1.0.1,"MIT"
w3c-xmlserializer@4.0.0,"MIT"
walker@1.0.8,"Apache-2.0"
warn-once@0.1.1,"MIT"
wcwidth@1.0.1,"MIT"
webidl-conversions@3.0.1,"BSD-2-Clause"
webidl-conversions@5.0.0,"BSD-2-Clause"
webidl-conversions@7.0.0,"BSD-2-Clause"
whatwg-encoding@2.0.0,"MIT"
whatwg-fetch@3.6.20,"MIT"
whatwg-mimetype@3.0.0,"MIT"
whatwg-url-minimum@0.1.2,"MIT"
whatwg-url-without-unicode@8.0.0-3,"MIT"
whatwg-url@11.0.0,"MIT"
whatwg-url@5.0.0,"MIT"
which@2.0.2,"ISC"
wrap-ansi@7.0.0,"MIT"
wrappy@1.0.2,"ISC"
write-file-atomic@4.0.2,"ISC"
ws@7.5.13,"MIT"
ws@8.21.3,"MIT"
xcode@3.0.1,"Apache-2.0"
xml-name-validator@4.0.0,"Apache-2.0"
xml2js@0.6.0,"MIT"
xmlbuilder@11.0.1,"MIT"
xmlbuilder@15.1.1,"MIT"
xmlchars@2.2.0,"MIT"
y18n@5.0.8,"ISC"
yallist@3.1.1,"ISC"
yaml@2.9.0,"ISC"
yargs-parser@21.1.1,"ISC"
yargs@17.7.3,"MIT"
yocto-queue@0.1.0,"MIT"
zod@3.25.76,"MIT"
